cluster,student_count,pass_rate,mean_G3,mean_failures,mean_absences,mean_studytime,mean_goout,mean_Dalc,mean_Walc
0,165,0.7393939393939394,10.49090909090909,0.18787878787878787,5.733333333333333,1.612121212121212,4.054545454545455,2.9696969696969697,4.084848484848485
1,394,0.8071065989847716,11.441624365482234,0.07868020304568528,3.9213197969543145,2.0609137055837565,2.8578680203045685,1.1421319796954315,1.8248730964467006
2,377,0.8726790450928382,12.620689655172415,0.050397877984084884,4.175066312997347,2.1352785145888595,3.023872679045093,1.1777188328912467,1.9257294429708223
3,108,0.4166666666666667,7.814814814814815,1.8055555555555556,5.231481481481482,1.6111111111111112,3.3333333333333335,1.6296296296296295,2.462962962962963
