subject,students,pass_rate,mean_G1,mean_G2,mean_G3,median_G3,mean_absences,mean_failures
math,395,0.6708860759493671,10.90886075949367,10.713924050632912,10.415189873417722,11.0,5.708860759493671,0.3341772151898734
portuguese,649,0.8459167950693375,11.399075500770415,11.570107858243452,11.906009244992296,12.0,3.6594761171032357,0.2218798151001541
combined,1044,0.7796934865900383,11.21360153256705,11.246168582375478,11.341954022988507,11.0,4.434865900383142,0.26436781609195403
